{"cameraMode":{"drawMode":0,"name":"Shaded","section":"Shading Mode"},"sceneLighting":false,"audioPlay":false,"sceneViewState":{"showFog":true,"showMaterialUpdate":false,"showSkybox":true,"showFlares":true,"showImageEffects":true,"showParticleSystems":true},"in2DMode":false,"pivot":{"x":1.0854960680007935,"y":0.20850002765655518,"z":-0.07249987125396729},"rotation":{"x":-0.006211013067513704,"y":0.9799140095710754,"z":-0.19691625237464906,"w":-0.030887899920344354},"size":5.428289890289307,"orthographic":false}